,Unnamed: 0.1,Unnamed: 0,Entidad,Nit Entidad,Departamento Entidad,Ciudad Entidad,OrdenEntidad,Entidad Centralizada,ID del Proceso,Referencia del Proceso,PCI,ID del Portafolio,Nombre del Procedimiento,Descripción del Procedimiento,Fase,Fecha de Publicacion del Proceso,Fecha de Ultima Publicación,Fecha de Publicacion (Fase Planeacion Precalificacion),Fecha de Publicacion (Fase Seleccion Precalificacion),Fecha de Publicacion (Manifestacion de Interes),Fecha de Publicacion (Fase Borrador),Fecha de Publicacion (Fase Seleccion),Precio Base,Modalidad de Contratacion,Justificación Modalidad de Contratación,Duracion,Unidad de Duracion,Fecha de Recepcion de Respuestas,Fecha de Apertura de Respuesta,Fecha de Apertura Efectiva,Ciudad de la Unidad de Contratación,Nombre de la Unidad de Contratación,Proveedores Invitados,Proveedores con Invitacion Directa,Visualizaciones del Procedimiento,Proveedores que Manifestaron Interes,Respuestas al Procedimiento,Respuestas Externas,Conteo de Respuestas a Ofertas,Proveedores Unicos con Respuestas,Numero de Lotes,Estado del Procedimiento,ID Estado del Procedimiento,Adjudicado,ID Adjudicacion,CodigoProveedor,Departamento Proveedor,Ciudad Proveedor,Fecha Adjudicacion,Valor Total Adjudicacion,Nombre del Adjudicador,Nombre del Proveedor Adjudicado,NIT del Proveedor Adjudicado,Codigo Principal de Categoria,Estado de Apertura del Proceso,Tipo de Contrato,Subtipo de Contrato,Categorias Adicionales,URLProceso,Codigo Entidad,Estado Resumen,Fecha,exchange_rate,Year,Avg,Valor del Contrato,Valor real,Codigo de Categoria Recortado,keep,Valor Proyectado,range-,range+,in_range,perc_error,Similitud de valor,miles de dolares sobre estimación,predicterr,Tamaño valor extraño,veces la predicción
786074,9106,15002,GRUPO DE CABALLERIA MECANIZADO No 18,800130812,ARAUCA,SARAVENA,Nacional,Centralizada,CO1.REQ.6495719,MC 012-GMRPI-2024,702209412,CO1.BDOS.6371405,ADQUISICION DEL KIT DE INCORPORACIÓN Y UNIFORME DEPORTIVO PARA LOS SOLDADOS DEL 2°; 3° Y 4° CONTINGENTE,"LA ADQUISICION DEL KIT DE INCORPORACIÓN Y UNIFORME DEPORTIVO PARA LOS SOLDADOS DEL 2°, 3° Y 4° CONTINGENTE DEL GRUPO DE CABALLERIA MECANIZADO No. 18  GENERAL GABRIEL REVEIZ PIZARRO  Y SUS UNIDADES TACTICAS CENTRALIZADAS (BAEEV14, BAEEV18 Y BITER18) DURANTE LA VIGENCIA 2024",Presentación de oferta,07/10/2024,07/10/2024,,,,,07/10/2024,117126258,Mínima cuantía,Presupuesto inferior al 10% de la menor cuantía,otro,Mes(es),07/17/2024,07/17/2024,07/17/2024,Saravena,GRUPO DE CABALLERIA MECANIZADO No 18,0,0,27,0,8,0,0,8,0,Seleccionado,70,Si,CO1.AWD.1981936,700011075,Distrito Capital de Bogotá,No Definido,07/24/2024,68530800,Paula Valentina Ayala Bravo,CREACIONES BAGS STAR S.A.S.,900416534,V1.53102701,Cerrado,Suministros,No Definido,No definido,https://community.secop.gov.co/Public/Tendering/OpportunityDetail/Index?noticeUID=CO1.NTC.6381943,702209412,Adjudicado,2024,3.9155429850746266,,1,117126258,117.12625800000002,V1.531,True,0.7831085970149254,1.533147686796712,0.6000000000000001,0,148.5657925943669,2.9389859187348956e-17,29.71315851887339,15.01300048828125,15642.538784837756,149.56579259436694
799247,9315,15405,MUNICIPIO DE SARAVENA,800102799,ARAUCA,SARAVENA,Territorial,Centralizada,CO1.REQ.6185278,CA - SVNA - SGGM - 086 - 2024,706417516,CO1.BDOS.6063900,CONSOLIDACION DE ESFUERZOS DE TIPO ADMINISTRATIVO- ECONOMICO PARA EL FORTALECIMIENTO DEL SISTEMA DE GESTION INTEGRAL DEL RIESGO CONTRA INCENDIOS; EMERGENCIAS; LA ATENCIÓN DE INCIDENTES CON MATERIALES,"CONSOLIDACION DE ESFUERZOS DE TIPO ADMINISTRATIVO- ECONOMICO PARA EL FORTALECIMIENTO DEL SISTEMA DE GESTION INTEGRAL DEL RIESGO CONTRA INCENDIOS, EMERGENCIAS, LA ATENCIÓN DE INCIDENTES CON MATERIALES",Presentación de oferta,05/06/2024,05/06/2024,,,,,05/06/2024,150000000,Contratación régimen especial (con ofertas),Decreto 092 de 2017,otro,día(s),05/09/2024,05/10/2024,05/10/2024,Saravena,CONTRATACION,0,0,2,0,1,0,0,1,0,Seleccionado,70,Si,CO1.AWD.1924346,704911478,Arauca,Saravena,05/14/2024,150000000,KELLY ZORAIDA CHAVEZ JURADO COMPRADOR,CUERPO DE BOMBEROS VOLUNTARIOS DE SARAVENA-ARAUCA,834000926,V1.92101602,Cerrado,Decreto 092 de 2017,No Definido,No definido,https://community.secop.gov.co/Public/Tendering/OpportunityDetail/Index?noticeUID=CO1.NTC.6084199,706417516,Adjudicado,2024,3.9155429850746266,,1,150000000,150.0,V1.921,True,647.2516946425753,1267.1709162677,495.9095306396484,1,-0.7682508964571614,0.4818591402548393,-126.9943138251867,-73.13370513916016,10854.818136405449,0.2317491035428387
5624,5624,9260,GRUPO DE CABALLERIA MECANIZADO No 18,800130812,ARAUCA,SARAVENA,Nacional,Centralizada,CO1.REQ.5974676,MC 002-GMRPI-2024,702209412,CO1.BDOS.5857155,MC 002-GMRPI-2024,"SUMINISTRO DE MATERIALES REACTIVOS DE LABORATORIO Y QUIMICOS PARA LAS PISCINAS, PLANTAS DE TRATAMIENTO PTAP Y PTAR DEL GRUPO DE CABALLERIA MECANIZADO No. 18 GENERAL GABRIEL REVEIZ PIZARRO Y SUS UNIDADES CENTRALIZADAS.",Presentación de oferta,03/19/2024,03/19/2024,,,,,03/19/2024,102999996,Mínima cuantía,Presupuesto inferior al 10% de la menor cuantía,otro,Mes(es),03/22/2024,03/22/2024,03/22/2024,Saravena,GRUPO DE CABALLERIA MECANIZADO No 18,0,0,11,0,1,0,0,1,0,Seleccionado,70,Si,CO1.AWD.1886712,717528129,Arauca,Arauca,,102999996,Paula Valentina Ayala Bravo,La Fortaleza del Principe SAS,900852115,V1.12141806,Cerrado,Suministros,No Definido,No definido,https://community.secop.gov.co/Public/Tendering/OpportunityDetail/Index?noticeUID=CO1.NTC.5864783,702209412,Adjudicado,2024,3.9155429850746266,,1,102999996,102.99999599999998,V1.121,True,0.7831085970149254,1.533147686796712,0.6000000000000001,0,130.5270913799417,3.2287583752194003e-15,26.10541827598833,47.36319351196289,8565.881147746226,131.52709137994162
583193,7097,11673,GRUPO DE CABALLERIA MECANIZADO No 18,800130812,ARAUCA,SARAVENA,Nacional,Centralizada,CO1.REQ.6277931,SASI 008-GMRPI-2024,702209412,CO1.BDOS.6155246,SASI 008-GMRPI-2024,SUMINISTRAR MATERIALES DE CONSTRUCCIÓN Y ELEMENTOS DE FERRETERIA CON DESTINO AL GRUPO DE CABALLERIA MECANIZADO No. 18  GENERAL GABRIEL REVEIZ PIZARRO  Y SUS UNIDADES TACTICAS CENTRALIZADAS.,Presentación de observaciones,05/23/2024,05/23/2024,,,,05/23/2024,,191430684,Selección abreviada subasta inversa,Suministro de bienes y servicios de características técnicas uniformes y común utilización,otro,Mes(es),06/14/2024,06/14/2024,06/18/2024,Saravena,GRUPO DE CABALLERIA MECANIZADO No 18,0,0,30,0,0,0,0,0,0,Publicado,60,No,No Adjudicado,No Definido,No Definido,No Definido,,0,No Adjudicado,No Definido,No Definido,V1.40141700,Cerrado,Suministros,No Definido,No definido,https://community.secop.gov.co/Public/Tendering/OpportunityDetail/Index?noticeUID=CO1.NTC.6167385,702209412,Presentación de observaciones,2024,3.9155429850746266,,1,191430684,191.43068399999999,V1.401,True,191.96050157087296,375.81479766861924,147.0757713317871,1,-0.0027600343119408,0.614975846803956,-0.1353113917769662,-20.29312705993652,3884.1988383263583,0.9972399656880592
559119,8694,14286,GRUPO DE CABALLERIA MECANIZADO No 18,800130812,ARAUCA,SARAVENA,Nacional,Centralizada,CO1.REQ.6462861,MC 014-GMRPI-2024,702209412,CO1.BDOS.6338095,SUMINISTRO DE MATERIAL VETERINARIO PARA EL SOSTENIMIENTO DE SEMOVIENTES CANINOS Y EQUINOS,EL SUMINISTRO DE MATERIAL VETERINARIO PARA EL SOSTENIMIENTO DE SEMOVIENTES CANINOS Y EQUINOS DEL GRUPO DE CABALLERÍA MECANIZADO No. 18 GENERAL GABRIEL REVÉIZ PIZARRO Y SUS UNIDADES TACTICAS CENTRALIZADAS.,Presentación de oferta,07/03/2024,07/03/2024,,,,,07/03/2024,116595037,Mínima cuantía,Presupuesto inferior al 10% de la menor cuantía,otro,Mes(es),07/10/2024,07/10/2024,07/10/2024,Saravena,GRUPO DE CABALLERIA MECANIZADO No 18,0,0,6,0,1,0,0,1,0,Seleccionado,70,Si,CO1.AWD.1980168,704177013,Arauca,Saravena,07/18/2024,116595037,Paula Valentina Ayala Bravo,LUIS FRANCISCO BLANCO SALCEDO,13487339,V1.10121801,Cerrado,Suministros,No Definido,No definido,https://community.secop.gov.co/Public/Tendering/OpportunityDetail/Index?noticeUID=CO1.NTC.6349156,702209412,Adjudicado,2024,3.9155429850746266,,1,116595037,116.59503699999999,V1.101,True,179.0944333587544,350.625976101893,137.2180824279785,1,-0.3489745336392352,0.7785321366349108,-15.96187210739131,-15.74224758148193,1794.7792405643215,0.6510254663607647
450132,2415,4084,GRUPO DE CABALLERIA MECANIZADO No 18,800130812,ARAUCA,SARAVENA,Nacional,Centralizada,CO1.REQ.5999708,MC 004-GMRPI-2024,702209412,CO1.BDOS.5881332,MC 004-GMRPI-2024,"SUMINISTRO DE ELEMENTOS DE PAPELERIA, OFICINA Y UTILES DE ESCRITORIO CON DESTINO AL GRUPO DE CABALLERIA MECANIZADO No. 18 Y SUS UNIDADES TACTICAS CENTRALIZADAS.",Presentación de oferta,03/27/2024,03/27/2024,,,,,03/27/2024,46604833,Mínima cuantía,Presupuesto inferior al 10% de la menor cuantía,otro,Mes(es),04/03/2024,04/03/2024,04/03/2024,Saravena,GRUPO DE CABALLERIA MECANIZADO No 18,0,0,22,0,9,0,0,9,0,Seleccionado,70,Si,CO1.AWD.1894030,709501316,Distrito Capital de Bogotá,Bogotá,04/12/2024,46604833,Paula Valentina Ayala Bravo,TAFINCO SAS,901251520,V1.44121503,Cerrado,Suministros,No Definido,No definido,https://community.secop.gov.co/Public/Tendering/OpportunityDetail/Index?noticeUID=CO1.NTC.5903833,702209412,Adjudicado,2024,3.9155429850746266,,1,46604833,46.604833,V1.441,True,0.7831085970149254,1.533147686796712,0.6000000000000001,0,58.51260550279945,7.437207598622992e-13,11.70252110055989,35.01430130004883,1095.134543152391,59.51260550279944
140015,12750,21209,GRUPO DE CABALLERIA MECANIZADO No 18,800130812,ARAUCA,SARAVENA,Nacional,Centralizada,CO1.REQ.6742939,MC 021-GMRPI-2024,702209412,CO1.BDOS.6615393,SERVICIO DE MANTENIMIENTO Y ESTUDIOS E INVESTIGACIONES PARA LAS PLANTAS DE TRATAMIENTO DE AGUA RESIDUAL Y POTABLE,ADQUIRIR EL SERVICIO DE MANTENIMIENTO Y ESTUDIOS E INVESTIGACIONES PARA LAS PLANTAS DE TRATAMIENTO DE AGUA RESIDUAL Y POTABLE (PTAR-PTAP) DEL GMRPI Y BMMA8 A EJECUTAR EN LA VIGENCIA 2024.,Presentación de oferta,08/29/2024,08/29/2024,,,,,08/29/2024,30349992,Mínima cuantía,Presupuesto inferior al 10% de la menor cuantía,otro,Mes(es),09/05/2024,09/05/2024,09/05/2024,Saravena,GRUPO DE CABALLERIA MECANIZADO No 18,0,0,15,0,4,0,0,4,0,Seleccionado,70,Si,CO1.AWD.2025733,703832188,Cundinamarca,No Definido,09/12/2024,30349992,Paula Valentina Ayala Bravo,IGSS S.A.S.,9009628459,V1.71122502,Cerrado,Prestación de servicios,No Definido,No definido,https://community.secop.gov.co/Public/Tendering/OpportunityDetail/Index?noticeUID=CO1.NTC.6626535,702209412,Adjudicado,2024,3.9155429850746266,,1,30349992,30.349992,V1.711,True,0.7831085970149254,1.533147686796712,0.6000000000000001,0,37.75578957463745,2.2994203695672168e-11,7.551157914927489,19.34389877319336,558.8007385287017,38.75578957463744
462669,2311,3849,GRUPO DE CABALLERIA MECANIZADO No 18,800130812,ARAUCA,SARAVENA,Nacional,Centralizada,CO1.REQ.5976539,MC 003-GMRPI-2024,702209412,CO1.BDOS.5858104,MC 003-GMRPI-2024,SUMINISTRO PRODUCTOS DE ASEO Y LIMPIEZA CON DESTINO AL GMRPI 18 Y SUS UNIDADES TACTICAS CENTRALIZADAS.,Presentación de oferta,03/19/2024,03/19/2024,,,,,03/19/2024,34435494,Mínima cuantía,Presupuesto inferior al 10% de la menor cuantía,otro,Mes(es),03/22/2024,03/22/2024,03/22/2024,Saravena,GRUPO DE CABALLERIA MECANIZADO No 18,0,0,15,0,4,0,0,4,0,Seleccionado,70,Si,CO1.AWD.1886912,721430767,Arauca,Arauca,,34435494,Paula Valentina Ayala Bravo,ANELL SAS,900493536,V1.14111704,Cerrado,Suministros,No Definido,No definido,https://community.secop.gov.co/Public/Tendering/OpportunityDetail/Index?noticeUID=CO1.NTC.5866268,702209412,Adjudicado,2024,3.9155429850746266,,1,34435494,34.435494,V1.141,True,22.12579996008147,43.31726041143072,16.95228481292725,1,0.5563502364717757,0.1979067578746654,3.143802554802988,-15.11751365661621,539.7372460472479,1.5563502364717756
776859,12905,21286,GRUPO DE CABALLERIA MECANIZADO No 18,800130812,ARAUCA,SARAVENA,Nacional,Centralizada,CO1.REQ.6940093,SAMC 025-GMRPI-2024,702209412,CO1.BDOS.6810753,MANTENIMIENTO DE LAS INSTALACIONES Y DE LAS REDES HIDRAULICAS.,"EL MANTENIMIENTO DE LAS INSTALACIONES Y DE LAS REDES HIDRAULICAS DEL GRUPO DE CABALLERIA MECANIZADO No. 18 GENERAL GABRIEL REVEIZ PIZARRO Y SUS UNIDADES CENTRALIZADAS (BMMA8, BITER18, BATOT27 Y BAEEV14) PARA LA VIGENCIA 2024.",Presentación de observaciones,10/03/2024,10/03/2024,,,,10/03/2024,,145599971,Selección Abreviada de Menor Cuantía,Presupuesto menor al 10% de la Menor Cuantía,otro,Mes(es),,,10/21/2024,Saravena,GRUPO DE CABALLERIA MECANIZADO No 18,0,0,10,0,0,0,0,0,0,Publicado,50,No,No Adjudicado,No Definido,No Definido,No Definido,,0,No Adjudicado,No Definido,No Definido,V1.72154022,Abierto,Obra,No Definido,No definido,https://community.secop.gov.co/Public/Tendering/OpportunityDetail/Index?noticeUID=CO1.NTC.6832367,702209412,Presentación de observaciones,2024,3.9155429850746266,,1,145599971,145.59997099999998,V1.721,True,471.1778174672803,922.4584989533911,361.0057296752931,1,-0.6909872120410022,0.567843029165003,-83.15011422638617,-3.879269599914551,464.21382321419935,0.3090127879589976
461126,768,1314,GRUPO DE CABALLERIA MECANIZADO No 18,800130812,ARAUCA,SARAVENA,Nacional,Centralizada,CO1.REQ.6705216,SAMC-018-GMRPI-2024 (Manifestación de interés (Menor Cuantía)),702209412,CO1.BDOS.6526830,MANTENIMIENTO DE LAS INSTALACIONES Y DE LAS REDES HIDRAULICAS (Manifestación de interés (Menor Cuantía)),"EL MANTENIMIENTO DE LAS INSTALACIONES Y DE LAS REDES HIDRAULICAS DEL GRUPO DE CABALLERIA MECANIZADO No. 18 GENERAL GABRIEL REVEIZ PIZARRO Y SUS UNIDADES CENTRALIZADAS (BMMA8, BITER18, BATOT27 Y BAEEV14)",Manifestación de interés (Menor Cuantía),08/23/2024,08/23/2024,,,08/23/2024,,,145599972,Selección Abreviada de Menor Cuantía,Presupuesto menor al 10% de la Menor Cuantía,otro,Mes(es),09/03/2024,09/03/2024,09/03/2024,Saravena,GRUPO DE CABALLERIA MECANIZADO No 18,0,0,43,0,0,0,0,0,0,Evaluación,60,No,No Adjudicado,No Definido,No Definido,No Definido,,0,No Adjudicado,No Definido,No Definido,V1.72141510,Cerrado,Obra,No Definido,No definido,https://community.secop.gov.co/Public/Tendering/OpportunityDetail/Index?noticeUID=CO1.NTC.6597962,702209412,Manifestación de interés (Menor Cuantía),2024,3.9155429850746266,,1,145599972,145.599972,V1.721,True,471.1778174672803,922.4584989533911,361.0057296752931,1,-0.6909872099186612,0.5379890993408778,-83.15011397099374,-0.876295804977417,26.980926251914177,0.3090127900813387
671967,6431,10360,GRUPO DE CABALLERIA MECANIZADO No 18,800130812,ARAUCA,SARAVENA,Nacional,Centralizada,CO1.REQ.6441985,MC 013-GMRPI-2024,702209412,CO1.BDOS.6307443,ADQUISICIÓN DE CARPAS PARA EVENTOS; ACTIVIDADES DE ÁMBITO INSTITUCIONAL Y OPERACIONAL,"LA ADQUISICIÓN DE CARPAS PARA EVENTOS, ACTIVIDADES DE ÁMBITO INSTITUCIONAL Y OPERACIONAL PARA EL GRUPO DE CABALLERÍA MECANIZADO No. 18 Y SUS UNIDADES TÁCTICAS CENTRALIZADAS",Presentación de oferta,06/28/2024,06/28/2024,,,,,06/28/2024,14900000,Mínima cuantía,Presupuesto inferior al 10% de la menor cuantía,otro,Mes(es),07/05/2024,07/05/2024,07/06/2024,Saravena,GRUPO DE CABALLERIA MECANIZADO No 18,0,0,22,0,9,0,0,9,0,Seleccionado,70,Si,CO1.AWD.1981020,704743376,Arauca,Arauca,07/18/2024,11550000,Paula Valentina Ayala Bravo,RED & TEC SAS,900608824,V1.95131700,Cerrado,Compraventa,No Definido,No definido,https://community.secop.gov.co/Public/Tendering/OpportunityDetail/Index?noticeUID=CO1.NTC.6329384,702209412,Adjudicado,2024,3.9155429850746266,,1,14900000,14.9,V1.951,True,0.7831085970149254,1.533147686796712,0.6000000000000001,0,18.02673531716575,3.229777005578187e-09,3.60534706343315,17.58597755432129,6.567290666382442,19.02673531716575
379255,8564,14139,GRUPO DE CABALLERIA MECANIZADO No 18,800130812,ARAUCA,SARAVENA,Nacional,Centralizada,CO1.REQ.6360412,SIP-011-GMRPI-2024,702209412,CO1.BDOS.6237114,carpas,LA ADQUISICIÓN DE CARPAS PARA EL GRUPO DE CABELLERIA MECANIZADO No.18 Y SUS UNIDADES.,Estimate Phase,06/10/2024,06/10/2024,,,,,06/10/2024,0,otro,No Defenido,otro,día(s),06/14/2024,,06/10/2024,Saravena,GRUPO DE CABALLERIA MECANIZADO No 18,1284,0,8,0,2,0,0,2,0,Evaluación,60,No,No Adjudicado,No Definido,No Definido,No Definido,,0,No Adjudicado,No Definido,No Definido,V1.49121500,Abierto,No Especificado,No Definido,No definido,https://community.secop.gov.co/Public/Tendering/OpportunityDetail/Index?noticeUID=CO1.NTC.6247113,702209412,Estimate Phase,2024,3.9155429850746266,,1,0,0.0,V1.491,True,338.25070149262154,662.2175807130029,259.1599960327148,1,-1.0,0.2888004713884316,-86.38666534423828,-20.81870460510254,0.0,0.0
708366,4190,6840,GRUPO DE CABALLERIA MECANIZADO No 18,800130812,ARAUCA,SARAVENA,Nacional,Centralizada,CO1.REQ.6322950,SASI 008-GMRPI-2024 (Presentación de oferta),702209412,CO1.BDOS.6155246,SASI 008-GMRPI-2024 (Presentación de oferta),SUMINISTRAR MATERIALES DE CONSTRUCCIÓN Y ELEMENTOS DE FERRETERIA CON DESTINO AL GRUPO DE CABALLERIA MECANIZADO No. 18  GENERAL GABRIEL REVEIZ PIZARRO  Y SUS UNIDADES TACTICAS CENTRALIZADAS.,Presentación de oferta,05/31/2024,05/31/2024,,,,,05/31/2024,191430684,Selección abreviada subasta inversa,Suministro de bienes y servicios de características técnicas uniformes y común utilización,otro,Mes(es),06/14/2024,06/14/2024,06/26/2024,Saravena,GRUPO DE CABALLERIA MECANIZADO No 18,0,0,30,0,5,0,0,5,0,Seleccionado,70,Si,CO1.AWD.1963648,706620358,Arauca,No Definido,,230758631,GRUPO DE CABALLERIA MECANIZADO No. 18,ELECTROMECANICOS DEL ORIENTE SAS ZOMAC,901189462,V1.40141700,Cerrado,Suministros,No Definido,No definido,https://community.secop.gov.co/Public/Tendering/OpportunityDetail/Index?noticeUID=CO1.NTC.6213860,702209412,Adjudicado,2024,3.9155429850746266,,1,191430684,191.43068399999999,V1.401,True,191.96050157087296,375.81479766861924,147.0757713317871,1,-0.0027600343119408,2.736945130999346,-0.1353113917769662,0.003257431089878,-1.1519275178165076,0.9972399656880592
708367,4191,6841,GRUPO DE CABALLERIA MECANIZADO No 18,800130812,ARAUCA,SARAVENA,Nacional,Centralizada,CO1.REQ.6322950,SASI 008-GMRPI-2024 (Presentación de oferta),702209412,CO1.BDOS.6155246,SASI 008-GMRPI-2024 (Presentación de oferta),SUMINISTRAR MATERIALES DE CONSTRUCCIÓN Y ELEMENTOS DE FERRETERIA CON DESTINO AL GRUPO DE CABALLERIA MECANIZADO No. 18  GENERAL GABRIEL REVEIZ PIZARRO  Y SUS UNIDADES TACTICAS CENTRALIZADAS.,Presentación de oferta,05/31/2024,05/31/2024,,,,,05/31/2024,191430684,Selección abreviada subasta inversa,Suministro de bienes y servicios de características técnicas uniformes y común utilización,otro,Mes(es),06/14/2024,06/14/2024,06/26/2024,Saravena,GRUPO DE CABALLERIA MECANIZADO No 18,0,0,30,0,5,0,0,5,0,Seleccionado,70,Si,CO1.AWD.1963648,706620358,Arauca,No Definido,,230758631,GRUPO DE CABALLERIA MECANIZADO No. 18,ELECTROMECANICOS DEL ORIENTE SAS ZOMAC,901189462,V1.40141700,Cerrado,Suministros,No Definido,No definido,https://community.secop.gov.co/Public/Tendering/OpportunityDetail/Index?noticeUID=CO1.NTC.6213860,702209412,Adjudicado,2024,3.9155429850746266,,1,191430684,191.43068399999999,V1.401,True,191.96050157087296,375.81479766861924,147.0757713317871,1,-0.0027600343119408,2.736945130999346,-0.1353113917769662,0.003257431089878,-1.1519275178165076,0.9972399656880592
708365,4189,6839,GRUPO DE CABALLERIA MECANIZADO No 18,800130812,ARAUCA,SARAVENA,Nacional,Centralizada,CO1.REQ.6322950,SASI 008-GMRPI-2024 (Presentación de oferta),702209412,CO1.BDOS.6155246,SASI 008-GMRPI-2024 (Presentación de oferta),SUMINISTRAR MATERIALES DE CONSTRUCCIÓN Y ELEMENTOS DE FERRETERIA CON DESTINO AL GRUPO DE CABALLERIA MECANIZADO No. 18  GENERAL GABRIEL REVEIZ PIZARRO  Y SUS UNIDADES TACTICAS CENTRALIZADAS.,Presentación de oferta,05/31/2024,05/31/2024,,,,,05/31/2024,191430684,Selección abreviada subasta inversa,Suministro de bienes y servicios de características técnicas uniformes y común utilización,otro,Mes(es),06/14/2024,06/14/2024,06/26/2024,Saravena,GRUPO DE CABALLERIA MECANIZADO No 18,0,0,30,0,5,0,0,5,0,Seleccionado,70,Si,CO1.AWD.1963648,706620358,Arauca,No Definido,,230758631,GRUPO DE CABALLERIA MECANIZADO No. 18,ELECTROMECANICOS DEL ORIENTE SAS ZOMAC,901189462,V1.40141700,Cerrado,Suministros,No Definido,No definido,https://community.secop.gov.co/Public/Tendering/OpportunityDetail/Index?noticeUID=CO1.NTC.6213860,702209412,Adjudicado,2024,3.9155429850746266,,1,191430684,191.43068399999999,V1.401,True,191.96050157087296,375.81479766861924,147.0757713317871,1,-0.0027600343119408,2.736945130999346,-0.1353113917769662,0.003257431089878,-1.1519275178165076,0.9972399656880592
644112,4250,7031,GRUPO DE CABALLERIA MECANIZADO No 18,800130812,ARAUCA,SARAVENA,Nacional,Centralizada,CO1.REQ.5703160,013-GMRPI-2024,702209412,CO1.BDOS.5585826,013-GMRPI-2024,"PRESTACIÓN DE SERVICIOS PROFESIONALES COMO ASESOR JURIDICO DE APOYO EN LOS PROCESOS DE CONTRATACIÓN ESTATAL, DE COMPETENCIA DEL GRUPO DE CABALLERIA MECANIZADO No. 18 GENERAL GABRIEL REVEIZ PIZARRO.",Presentación de oferta,02/05/2024,02/05/2024,,,,,02/05/2024,40900000,Contratación directa,Servicios profesionales y apoyo a la gestión,otro,Mes(es),,,,Saravena,GRUPO DE CABALLERIA MECANIZADO No 18,0,0,0,0,0,0,0,0,0,Seleccionado,70,No,No Adjudicado,720730027,Cauca,Popayán,,0,No Adjudicado,Paula Valentina Ayala Bravo,1061766951,V1.80111600,Abierto,Prestación de servicios,No Definido,No definido,https://community.secop.gov.co/Public/Tendering/OpportunityDetail/Index?noticeUID=CO1.NTC.5594531,702209412,Adjudicado,2024,3.9155429850746266,,1,40900000,40.899999999999984,V1.801,True,50.71897702933668,99.29616735869017,38.85972690582276,1,-0.1935957230300059,0.7723483601189709,-2.50769230902711,-0.1641869097948074,-1.2028204613196185,0.8064042769699942
644111,4249,7030,GRUPO DE CABALLERIA MECANIZADO No 18,800130812,ARAUCA,SARAVENA,Nacional,Centralizada,CO1.REQ.5703160,013-GMRPI-2024,702209412,CO1.BDOS.5585826,013-GMRPI-2024,"PRESTACIÓN DE SERVICIOS PROFESIONALES COMO ASESOR JURIDICO DE APOYO EN LOS PROCESOS DE CONTRATACIÓN ESTATAL, DE COMPETENCIA DEL GRUPO DE CABALLERIA MECANIZADO No. 18 GENERAL GABRIEL REVEIZ PIZARRO.",Presentación de oferta,02/05/2024,02/05/2024,,,,,02/05/2024,40900000,Contratación directa,Servicios profesionales y apoyo a la gestión,otro,Mes(es),,,,Saravena,GRUPO DE CABALLERIA MECANIZADO No 18,0,0,0,0,0,0,0,0,0,Seleccionado,70,No,No Adjudicado,720730027,Cauca,Popayán,,0,No Adjudicado,Paula Valentina Ayala Bravo,1061766951,V1.80111600,Abierto,Prestación de servicios,No Definido,No definido,https://community.secop.gov.co/Public/Tendering/OpportunityDetail/Index?noticeUID=CO1.NTC.5594531,702209412,Adjudicado,2024,3.9155429850746266,,1,40900000,40.899999999999984,V1.801,True,50.71897702933668,99.29616735869017,38.85972690582276,1,-0.1935957230300059,0.7723483601189709,-2.50769230902711,-0.1641869097948074,-1.2028204613196185,0.8064042769699942
234819,5394,8832,GRUPO DE CABALLERIA MECANIZADO No 18,800130812,ARAUCA,SARAVENA,Nacional,Centralizada,CO1.REQ.6322950,SASI 008-GMRPI-2024 (Presentación de oferta),702209412,CO1.BDOS.6155246,SASI 008-GMRPI-2024 (Presentación de oferta),SUMINISTRAR MATERIALES DE CONSTRUCCIÓN Y ELEMENTOS DE FERRETERIA CON DESTINO AL GRUPO DE CABALLERIA MECANIZADO No. 18  GENERAL GABRIEL REVEIZ PIZARRO  Y SUS UNIDADES TACTICAS CENTRALIZADAS.,Presentación de oferta,05/31/2024,05/31/2024,,,,,05/31/2024,191430684,Selección abreviada subasta inversa,Suministro de bienes y servicios de características técnicas uniformes y común utilización,otro,Mes(es),06/14/2024,06/14/2024,06/26/2024,Saravena,GRUPO DE CABALLERIA MECANIZADO No 18,0,0,30,0,5,0,0,5,0,Seleccionado,70,Si,CO1.AWD.1968826,706620358,Arauca,No Definido,07/08/2024,191430684,GRUPO DE CABALLERIA MECANIZADO No. 18,ELECTROMECANICOS DEL ORIENTE SAS ZOMAC,901189462,V1.40141700,Cerrado,Suministros,No Definido,No definido,https://community.secop.gov.co/Public/Tendering/OpportunityDetail/Index?noticeUID=CO1.NTC.6213860,702209412,Adjudicado,2024,3.9155429850746266,,1,191430684,191.43068399999999,V1.401,True,191.96050157087296,375.81479766861924,147.0757713317871,1,-0.0027600343119408,0.6253623644302079,-0.1353113917769662,0.0376611575484275,-7.737856405925536,0.9972399656880592
234820,5395,8833,GRUPO DE CABALLERIA MECANIZADO No 18,800130812,ARAUCA,SARAVENA,Nacional,Centralizada,CO1.REQ.6322950,SASI 008-GMRPI-2024 (Presentación de oferta),702209412,CO1.BDOS.6155246,SASI 008-GMRPI-2024 (Presentación de oferta),SUMINISTRAR MATERIALES DE CONSTRUCCIÓN Y ELEMENTOS DE FERRETERIA CON DESTINO AL GRUPO DE CABALLERIA MECANIZADO No. 18  GENERAL GABRIEL REVEIZ PIZARRO  Y SUS UNIDADES TACTICAS CENTRALIZADAS.,Presentación de oferta,05/31/2024,05/31/2024,,,,,05/31/2024,191430684,Selección abreviada subasta inversa,Suministro de bienes y servicios de características técnicas uniformes y común utilización,otro,Mes(es),06/14/2024,06/14/2024,06/26/2024,Saravena,GRUPO DE CABALLERIA MECANIZADO No 18,0,0,30,0,5,0,0,5,0,Seleccionado,70,Si,CO1.AWD.1968826,706620358,Arauca,No Definido,07/08/2024,191430684,GRUPO DE CABALLERIA MECANIZADO No. 18,ELECTROMECANICOS DEL ORIENTE SAS ZOMAC,901189462,V1.40141700,Cerrado,Suministros,No Definido,No definido,https://community.secop.gov.co/Public/Tendering/OpportunityDetail/Index?noticeUID=CO1.NTC.6213860,702209412,Adjudicado,2024,3.9155429850746266,,1,191430684,191.43068399999999,V1.401,True,191.96050157087296,375.81479766861924,147.0757713317871,1,-0.0027600343119408,0.6253623644302079,-0.1353113917769662,0.0376611575484275,-7.737856405925536,0.9972399656880592
234818,5393,8831,GRUPO DE CABALLERIA MECANIZADO No 18,800130812,ARAUCA,SARAVENA,Nacional,Centralizada,CO1.REQ.6322950,SASI 008-GMRPI-2024 (Presentación de oferta),702209412,CO1.BDOS.6155246,SASI 008-GMRPI-2024 (Presentación de oferta),SUMINISTRAR MATERIALES DE CONSTRUCCIÓN Y ELEMENTOS DE FERRETERIA CON DESTINO AL GRUPO DE CABALLERIA MECANIZADO No. 18  GENERAL GABRIEL REVEIZ PIZARRO  Y SUS UNIDADES TACTICAS CENTRALIZADAS.,Presentación de oferta,05/31/2024,05/31/2024,,,,,05/31/2024,191430684,Selección abreviada subasta inversa,Suministro de bienes y servicios de características técnicas uniformes y común utilización,otro,Mes(es),06/14/2024,06/14/2024,06/26/2024,Saravena,GRUPO DE CABALLERIA MECANIZADO No 18,0,0,30,0,5,0,0,5,0,Seleccionado,70,Si,CO1.AWD.1968826,706620358,Arauca,No Definido,07/08/2024,191430684,GRUPO DE CABALLERIA MECANIZADO No. 18,ELECTROMECANICOS DEL ORIENTE SAS ZOMAC,901189462,V1.40141700,Cerrado,Suministros,No Definido,No definido,https://community.secop.gov.co/Public/Tendering/OpportunityDetail/Index?noticeUID=CO1.NTC.6213860,702209412,Adjudicado,2024,3.9155429850746266,,1,191430684,191.43068399999999,V1.401,True,191.96050157087296,375.81479766861924,147.0757713317871,1,-0.0027600343119408,0.6253623644302079,-0.1353113917769662,0.0376611575484275,-7.737856405925536,0.9972399656880592
104178,2182,3682,GRUPO DE CABALLERIA MECANIZADO No 18,800130812,ARAUCA,SARAVENA,Nacional,Centralizada,CO1.REQ.6660390,009-GMRPI-2024,702209412,CO1.BDOS.6533898,DOTACION PARA EL PERSONAL DE LAS PTAP Y PTAR Y EL PERSONAL CIVIL,No definido,Presentación de oferta,08/13/2024,08/13/2024,,,,,08/13/2024,13081952,Mínima cuantía,Presupuesto inferior al 10% de la menor cuantía,otro,día(s),08/21/2024,08/21/2024,08/21/2024,Saravena,GRUPO DE CABALLERIA MECANIZADO No 18,0,0,20,0,2,0,0,2,0,Seleccionado,70,Si,CO1.AWD.2012228,724101563,Huila,Rivera,08/26/2024,8561060,Paula Valentina Ayala Bravo,YAMILETH GARZON BRIÑEZ,1081158007,V1.53102700,Cerrado,Compraventa,No Definido,No definido,https://community.secop.gov.co/Public/Tendering/OpportunityDetail/Index?noticeUID=CO1.NTC.6545445,702209412,Adjudicado,2024,3.9155429850746266,,1,13081952,13.081952,V1.531,True,49.94462950157336,97.7801718435184,38.26643943786621,1,-0.7380708971004001,0.5045958220567905,-9.414448428248017,0.7168902158737183,-19.033731441793993,0.26192910289959986
397520,1212,2011,GRUPO DE CABALLERIA MECANIZADO No 18,800130812,ARAUCA,SARAVENA,Nacional,Centralizada,CO1.REQ.6749075,SAMC-019-GMRPI-2024 (Manifestación de interés (Menor Cuantía)),702209412,CO1.BDOS.6563317,SUMINISTRAR REPUESTOS Y REALIZAR EL MANTENIMIENTO DEL EQUIPO DE TRANSPORTE (Manifestación de interés (Menor Cuantía)),SUMINISTRAR REPUESTOS Y REALIZAR EL MANTENIMIENTO DEL EQUIPO DE TRANSPORTE DEL GRUPO DE CABALLERÍA MECANIZADO No. 18 GENERAL GABRIEL REVEIZ PIZARRO Y SUS UNIDADES TÁCTICAS CENTRALIZADAS.,Manifestación de interés (Menor Cuantía),09/01/2024,09/01/2024,,,09/01/2024,,,192279276,Selección Abreviada de Menor Cuantía,Presupuesto menor al 10% de la Menor Cuantía,otro,Mes(es),09/06/2024,09/06/2024,09/06/2024,Saravena,GRUPO DE CABALLERIA MECANIZADO No 18,0,0,15,0,0,0,0,0,0,Evaluación,60,No,No Adjudicado,No Definido,No Definido,No Definido,,0,No Adjudicado,No Definido,No Definido,V1.25173800,Cerrado,Suministros,No Definido,No definido,https://community.secop.gov.co/Public/Tendering/OpportunityDetail/Index?noticeUID=CO1.NTC.6641304,702209412,Manifestación de interés (Menor Cuantía),2024,3.9155429850746266,,1,192279276,192.279276,V1.251,True,160.82888478353925,314.86620580578125,123.2234344482422,1,0.1955518827279692,0.4531398179567297,8.032191534186751,0.3689035177230835,-33.331926870276845,1.1955518827279694
260881,5229,8516,GRUPO DE CABALLERIA MECANIZADO No 18,800130812,ARAUCA,SARAVENA,Nacional,Centralizada,CO1.REQ.6322950,SASI 008-GMRPI-2024 (Presentación de oferta),702209412,CO1.BDOS.6155246,SASI 008-GMRPI-2024 (Presentación de oferta),SUMINISTRAR MATERIALES DE CONSTRUCCIÓN Y ELEMENTOS DE FERRETERIA CON DESTINO AL GRUPO DE CABALLERIA MECANIZADO No. 18  GENERAL GABRIEL REVEIZ PIZARRO  Y SUS UNIDADES TACTICAS CENTRALIZADAS.,Presentación de oferta,05/31/2024,05/31/2024,,,,,05/31/2024,191430684,Selección abreviada subasta inversa,Suministro de bienes y servicios de características técnicas uniformes y común utilización,otro,Mes(es),06/14/2024,06/14/2024,06/26/2024,Saravena,GRUPO DE CABALLERIA MECANIZADO No 18,0,0,30,0,5,0,0,5,0,Seleccionado,70,Si,CO1.AWD.1956224,706620358,Arauca,No Definido,,230758631,Paula Valentina Ayala Bravo,ELECTROMECANICOS DEL ORIENTE SAS ZOMAC,901189462,V1.40141700,Cerrado,Suministros,No Definido,No definido,https://community.secop.gov.co/Public/Tendering/OpportunityDetail/Index?noticeUID=CO1.NTC.6213860,702209412,Adjudicado,2024,3.9155429850746266,,1,191430684,191.43068399999999,V1.401,True,191.96050157087296,375.81479766861924,147.0757713317871,1,-0.0027600343119408,0.6314109893345966,-0.1353113917769662,0.1871229708194733,-36.34943355228211,0.9972399656880592
260880,5228,8515,GRUPO DE CABALLERIA MECANIZADO No 18,800130812,ARAUCA,SARAVENA,Nacional,Centralizada,CO1.REQ.6322950,SASI 008-GMRPI-2024 (Presentación de oferta),702209412,CO1.BDOS.6155246,SASI 008-GMRPI-2024 (Presentación de oferta),SUMINISTRAR MATERIALES DE CONSTRUCCIÓN Y ELEMENTOS DE FERRETERIA CON DESTINO AL GRUPO DE CABALLERIA MECANIZADO No. 18  GENERAL GABRIEL REVEIZ PIZARRO  Y SUS UNIDADES TACTICAS CENTRALIZADAS.,Presentación de oferta,05/31/2024,05/31/2024,,,,,05/31/2024,191430684,Selección abreviada subasta inversa,Suministro de bienes y servicios de características técnicas uniformes y común utilización,otro,Mes(es),06/14/2024,06/14/2024,06/26/2024,Saravena,GRUPO DE CABALLERIA MECANIZADO No 18,0,0,30,0,5,0,0,5,0,Seleccionado,70,Si,CO1.AWD.1956224,706620358,Arauca,No Definido,,230758631,Paula Valentina Ayala Bravo,ELECTROMECANICOS DEL ORIENTE SAS ZOMAC,901189462,V1.40141700,Cerrado,Suministros,No Definido,No definido,https://community.secop.gov.co/Public/Tendering/OpportunityDetail/Index?noticeUID=CO1.NTC.6213860,702209412,Adjudicado,2024,3.9155429850746266,,1,191430684,191.43068399999999,V1.401,True,191.96050157087296,375.81479766861924,147.0757713317871,1,-0.0027600343119408,0.6314109893345966,-0.1353113917769662,0.1871229708194733,-36.34943355228211,0.9972399656880592
260879,5227,8514,GRUPO DE CABALLERIA MECANIZADO No 18,800130812,ARAUCA,SARAVENA,Nacional,Centralizada,CO1.REQ.6322950,SASI 008-GMRPI-2024 (Presentación de oferta),702209412,CO1.BDOS.6155246,SASI 008-GMRPI-2024 (Presentación de oferta),SUMINISTRAR MATERIALES DE CONSTRUCCIÓN Y ELEMENTOS DE FERRETERIA CON DESTINO AL GRUPO DE CABALLERIA MECANIZADO No. 18  GENERAL GABRIEL REVEIZ PIZARRO  Y SUS UNIDADES TACTICAS CENTRALIZADAS.,Presentación de oferta,05/31/2024,05/31/2024,,,,,05/31/2024,191430684,Selección abreviada subasta inversa,Suministro de bienes y servicios de características técnicas uniformes y común utilización,otro,Mes(es),06/14/2024,06/14/2024,06/26/2024,Saravena,GRUPO DE CABALLERIA MECANIZADO No 18,0,0,30,0,5,0,0,5,0,Seleccionado,70,Si,CO1.AWD.1956224,706620358,Arauca,No Definido,,230758631,Paula Valentina Ayala Bravo,ELECTROMECANICOS DEL ORIENTE SAS ZOMAC,901189462,V1.40141700,Cerrado,Suministros,No Definido,No definido,https://community.secop.gov.co/Public/Tendering/OpportunityDetail/Index?noticeUID=CO1.NTC.6213860,702209412,Adjudicado,2024,3.9155429850746266,,1,191430684,191.43068399999999,V1.401,True,191.96050157087296,375.81479766861924,147.0757713317871,1,-0.0027600343119408,0.6314109893345966,-0.1353113917769662,0.1871229708194733,-36.34943355228211,0.9972399656880592
657949,5420,8872,GRUPO DE CABALLERIA MECANIZADO No 18,800130812,ARAUCA,SARAVENA,Nacional,Centralizada,CO1.REQ.6652757,SAMC-018-GMRPI-2024,702209412,CO1.BDOS.6526830,MANTENIMIENTO DE LAS INSTALACIONES Y DE LAS REDES HIDRAULICAS,"EL MANTENIMIENTO DE LAS INSTALACIONES Y DE LAS REDES HIDRAULICAS DEL GRUPO DE CABALLERIA MECANIZADO No. 18 GENERAL GABRIEL REVEIZ PIZARRO Y SUS UNIDADES CENTRALIZADAS (BMMA8, BITER18, BATOT27 Y BAEEV14)",Presentación de observaciones,08/13/2024,08/13/2024,,,,08/13/2024,,145599972,Selección Abreviada de Menor Cuantía,Presupuesto menor al 10% de la Menor Cuantía,otro,Mes(es),09/03/2024,09/03/2024,09/03/2024,Saravena,GRUPO DE CABALLERIA MECANIZADO No 18,0,0,43,0,0,0,0,0,0,Evaluación,60,No,No Adjudicado,No Definido,No Definido,No Definido,,0,No Adjudicado,No Definido,No Definido,V1.72141510,Cerrado,Obra,No Definido,No definido,https://community.secop.gov.co/Public/Tendering/OpportunityDetail/Index?noticeUID=CO1.NTC.6543832,702209412,Presentación de observaciones,2024,3.9155429850746266,,1,145599972,145.599972,V1.721,True,471.1778174672803,922.4584989533911,361.0057296752931,1,-0.6909872099186612,0.518395761034026,-83.15011397099374,-0.2871432304382324,-58.799672104719015,0.3090127900813387
679907,1472,2429,GRUPO DE CABALLERIA MECANIZADO No 18,800130812,ARAUCA,SARAVENA,Nacional,Centralizada,CO1.REQ.6743827,MC 020-GMRPI-2024,702209412,CO1.BDOS.6616566,DQUISICIÓN DE REPUESTOS Y SERVICIOS DE MANTENIMIENTO DE EQUIPO FIJO DE INGENIEROS,LA ADQUISICIÓN DE REPUESTOS Y SERVICIOS DE MANTENIMIENTO DE EQUIPO FIJO DE INGENIEROS A EJECUTAR EN LA VIGENCIA 2024 PARA EL GRMPI Y SUS UNIDADES CENTRALIZADAS,Presentación de oferta,08/29/2024,08/29/2024,,,,,08/29/2024,37046700,Mínima cuantía,Presupuesto inferior al 10% de la menor cuantía,otro,Mes(es),09/05/2024,09/05/2024,09/05/2024,Saravena,GRUPO DE CABALLERIA MECANIZADO No 18,0,0,28,0,3,0,0,3,0,Seleccionado,70,Si,CO1.AWD.2025934,716637202,Distrito Capital de Bogotá,Bogotá,09/12/2024,37046700,Paula Valentina Ayala Bravo,CONSULTORIAS & SUMINISTROS KAM SAS,901553831,V1.73152100,Cerrado,Suministros,No Definido,No definido,https://community.secop.gov.co/Public/Tendering/OpportunityDetail/Index?noticeUID=CO1.NTC.6626927,702209412,Adjudicado,2024,3.9155429850746266,,1,37046700,37.04670000000001,V1.731,True,0.7831085970149254,1.533147686796712,0.6000000000000001,0,46.30723189761371,5.648923185044448e-12,9.261446379522743,50.11767578125,-141.16437142390853,47.30723189761372
122397,7594,12634,GRUPO DE CABALLERIA MECANIZADO No 18,800130812,ARAUCA,SARAVENA,Nacional,Centralizada,CO1.REQ.6785634,SAMC-019-GMRPI-2024 (Manifestación de interés (Menor Cuantía)) (Presentación de oferta),702209412,CO1.BDOS.6563317,SUMINISTRAR REPUESTOS Y REALIZAR EL MANTENIMIENTO DEL EQUIPO DE TRANSPORTE (Manifestación de interés (Menor Cuantía)) (Presentación de oferta),SUMINISTRAR REPUESTOS Y REALIZAR EL MANTENIMIENTO DEL EQUIPO DE TRANSPORTE DEL GRUPO DE CABALLERÍA MECANIZADO No. 18 GENERAL GABRIEL REVEIZ PIZARRO Y SUS UNIDADES TÁCTICAS CENTRALIZADAS.,Presentación de oferta,09/05/2024,09/05/2024,,,,,09/05/2024,192279276,Selección Abreviada de Menor Cuantía,Presupuesto menor al 10% de la Menor Cuantía,otro,Mes(es),09/06/2024,09/06/2024,09/06/2024,Saravena,GRUPO DE CABALLERIA MECANIZADO No 18,3,3,15,0,2,0,0,2,0,Seleccionado,70,Si,CO1.AWD.2028456,701232217,Cundinamarca,No Definido,09/17/2024,192279276,Paula Valentina Ayala Bravo,COMERCIALIZADORA NELMAR,79158316,V1.25173800,Cerrado,Suministros,No Definido,No definido,https://community.secop.gov.co/Public/Tendering/OpportunityDetail/Index?noticeUID=CO1.NTC.6666666,702209412,Adjudicado,2024,3.9155429850746266,,1,192279276,192.279276,V1.251,True,160.82888478353925,314.86620580578125,123.2234344482422,1,0.1955518827279692,0.4464481780253317,8.032191534186751,1.09661328792572,-173.25543462296616,1.1955518827279694
214702,10856,18061,INSTITUCION EDUCATIVA TECNICO INDUSTRIAL RAFAEL POMBO,8002076121,ARAUCA,SARAVENA,Territorial,Centralizada,CO1.REQ.6295599,006-2024,718054661,CO1.BDOS.6173699,SERVICIO DE HOSTING,"Servicio del servidor hosting CERTAN WED: https://certanx,plataformaintegra.net/certanwedpombo para el alojamiento de la plataforma académica integra Y soporte en la sede principal, Pombo primaria, jardín cofavi, la esperanza, general Santander, Manuela Beltrán y María Inmaculada, con recursos de gratuidad de la institución educativa técnico industrial Rafael Pombo.",Fase de ofertas,05/27/2024,05/27/2024,,,,,05/27/2024,7200000,Contratación régimen especial,Regla aplicable,otro,Mes(es),,,,Saravena,INSTITUCION EDUCATIVA TECNICO INDUSTRIAL RAFAEL POMBO,0,0,0,0,0,0,0,0,0,Publicado,50,No,No Adjudicado,No Definido,No Definido,No Definido,,0,No Adjudicado,No Definido,No Definido,V1.43232701,Abierto,Prestación de servicios,No Definido,No definido,https://community.secop.gov.co/Public/Tendering/OpportunityDetail/Index?noticeUID=CO1.NTC.6182507,718054661,Fase de ofertas,2024,3.9155429850746266,,1,7200000,7.200000000000001,V1.432,True,0.7831085970149254,1.533147686796712,0.6000000000000001,0,8.194127133127074,4.597781322708501e-07,1.638825426625415,47.1256103515625,-280.3066791727351,9.194127133127074
456928,9211,15430,GRUPO DE CABALLERIA MECANIZADO No 18,800130812,ARAUCA,SARAVENA,Nacional,Centralizada,CO1.REQ.6180060,MC 006-GMRPI-2024,702209412,CO1.BDOS.6060002,MC 006-GMRPI-2024,"LA PRESTACIÓN DE SERVICIOS DE MANTENIMIENTO Y SUMINISTRO DE REPUESTOS DE COMPUTO Y EQUIPOS PERIFERICOS PARA EL GRUPO DE CABALLERIA MECANIZADO No. 18 Y SUS UNIDADES CENTRALIZADAS (BMMA8, BITER18, BATOT27 Y BAEEV14).",Presentación de oferta,05/03/2024,05/03/2024,,,,,05/03/2024,30055884,Mínima cuantía,Presupuesto inferior al 10% de la menor cuantía,otro,Mes(es),05/08/2024,05/08/2024,05/08/2024,Saravena,GRUPO DE CABALLERIA MECANIZADO No 18,0,0,22,0,8,0,0,8,0,Seleccionado,70,Si,CO1.AWD.1923831,702385501,Cundinamarca,No Definido,05/14/2024,30055884,Paula Valentina Ayala Bravo,PC ON LINE ALTA TECNOLOGIA SAS,900707916,V1.26121620,Cerrado,Suministros,No Definido,No definido,https://community.secop.gov.co/Public/Tendering/OpportunityDetail/Index?noticeUID=CO1.NTC.6070594,702209412,Adjudicado,2024,3.9155429850746266,,1,30055884,30.055884,V1.261,True,0.7831085970149254,1.533147686796712,0.6000000000000001,0,37.38022480479442,1.794511114279817e-11,7.476044960958885,49.44192504882812,-362.5250633774484,38.38022480479442
257614,1962,3191,GRUPO DE CABALLERIA MECANIZADO No 18,800130812,ARAUCA,SARAVENA,Nacional,Centralizada,CO1.REQ.6522411,MC 016-GMRPI-2024,702209412,CO1.BDOS.6397078,REVISIÓN TÉCNICO MECÁNICA Y DE GASES,"CONTRATAR EL SERVICIO DE REVISIÓN TÉCNICO MECÁNICA Y DE GASES, CON DESTINO AL PARQUE AUTOMOTOR DEL GRUPO DE CABALLERIA MECANIZADO No. 18  GENERAL GABRIEL REVEIZ PIZARRO  Y SUS UNIDADES CENTRALIZADAS (BMMA8, BAEEV14, BAEEV18, BAFUR8, BATOT27 Y BITER18) DURANTE LA VIGENCIA 2024.",Presentación de oferta,07/17/2024,07/17/2024,,,,,07/17/2024,26973638,Mínima cuantía,Presupuesto inferior al 10% de la menor cuantía,otro,Mes(es),07/23/2024,07/23/2024,07/23/2024,Saravena,GRUPO DE CABALLERIA MECANIZADO No 18,0,0,4,0,1,0,0,1,0,Seleccionado,70,Si,CO1.AWD.1987612,707671293,Casanare,Yopal,07/26/2024,24324910,Paula Valentina Ayala Bravo,CENTRO DE DIAGNOSTICO AUTOMOTOR DE LOS LLANOS SAS,900273441,V1.78181505,Cerrado,Prestación de servicios,No Definido,No definido,https://community.secop.gov.co/Public/Tendering/OpportunityDetail/Index?noticeUID=CO1.NTC.6415208,702209412,Adjudicado,2024,3.9155429850746266,,1,26973638,26.973637999999998,V1.781,True,126.72542010160417,248.09941485473564,97.09413528442384,1,-0.7871489557629917,0.4533431734304824,-25.47584906661496,34.35017395019531,-947.7814283544274,0.2128510442370082
690954,12519,20771,GRUPO DE CABALLERIA MECANIZADO No 18,800130812,ARAUCA,SARAVENA,Nacional,Centralizada,CO1.REQ.6689515,SAMC-019-GMRPI-2024,702209412,CO1.BDOS.6563317,SUMINISTRAR REPUESTOS Y REALIZAR EL MANTENIMIENTO DEL EQUIPO DE TRANSPORTE,SUMINISTRAR REPUESTOS Y REALIZAR EL MANTENIMIENTO DEL EQUIPO DE TRANSPORTE DEL GRUPO DE CABALLERÍA MECANIZADO No. 18 GENERAL GABRIEL REVEIZ PIZARRO Y SUS UNIDADES TÁCTICAS CENTRALIZADAS.,Presentación de observaciones,08/21/2024,08/21/2024,,,,08/21/2024,,192279276,Selección Abreviada de Menor Cuantía,Presupuesto menor al 10% de la Menor Cuantía,otro,Mes(es),09/06/2024,09/06/2024,09/06/2024,Saravena,GRUPO DE CABALLERIA MECANIZADO No 18,0,0,15,0,0,0,0,0,0,Evaluación,60,No,No Adjudicado,No Definido,No Definido,No Definido,,0,No Adjudicado,No Definido,No Definido,V1.25173800,Cerrado,Suministros,No Definido,No definido,https://community.secop.gov.co/Public/Tendering/OpportunityDetail/Index?noticeUID=CO1.NTC.6581496,702209412,Presentación de observaciones,2024,3.9155429850746266,,1,192279276,192.279276,V1.251,True,160.82888478353925,314.86620580578125,123.2234344482422,1,0.1955518827279692,0.5148813470398976,8.032191534186751,14.86907196044922,-2821.4138169157063,1.1955518827279694
